{
  "openapi": "3.0.3",
  "info": {
    "title": "freerider.de APIs",
    "description": "freerider.de application APIs",
    "contact": {
      "name": "Adham",
      "email": "adham.elgindy99@gmail.com"
    },
    "version": "1.0.0"
  },
  "servers": [
    {
      "url": "http://localhost:8080",
      "description": "Inferred Url"
    }
  ],
  "tags": [
    {
      "name": "customers-controller",
      "description": "Customers Controller"
    },
    {
      "name": "service-controller",
      "description": "Service Controller"
    }
  ],
  "paths": {
    "/api/v1/customers": {
      "get": {
        "tags": [
          "customers-controller"
        ],
        "summary": "getCustomers",
        "operationId": "getCustomersUsingGET",
        "responses": {
          "200": {
            "description": "OK",
            "content": {
              "application/json": {
                "schema": {
                  "type": "array",
                  "items": {
                    "type": "object"
                  }
                }
              }
            }
          },
          "401": {
            "description": "Unauthorized"
          },
          "403": {
            "description": "Forbidden"
          },
          "404": {
            "description": "Not Found"
          }
        }
      }
    },
    "/api/v1/customers/{id}": {
      "get": {
        "tags": [
          "customers-controller"
        ],
        "summary": "getCustomer",
        "operationId": "getCustomerUsingGET",
        "parameters": [
          {
            "name": "id",
            "in": "path",
            "description": "id",
            "required": true,
            "style": "simple",
            "schema": {
              "type": "integer",
              "format": "int64"
            }
          }
        ],
        "responses": {
          "200": {
            "description": "OK",
            "content": {
              "application/json": {
                "schema": {
                  "$ref": "#/components/schemas/ObjectNode"
                }
              }
            }
          },
          "401": {
            "description": "Unauthorized"
          },
          "403": {
            "description": "Forbidden"
          },
          "404": {
            "description": "Not Found"
          }
        }
      }
    },
    "/server/stop": {
      "get": {
        "tags": [
          "service-controller"
        ],
        "summary": "stop",
        "operationId": "stopUsingGET",
        "responses": {
          "200": {
            "description": "OK"
          },
          "401": {
            "description": "Unauthorized"
          },
          "403": {
            "description": "Forbidden"
          },
          "404": {
            "description": "Not Found"
          }
        }
      }
    }
  },
  "components": {
    "schemas": {
      "ObjectNode": {
        "title": "ObjectNode",
        "type": "object"
      }
    }
  }
}